time,mem_used_mib,mem_available_mib,swap_used_mib,si_kib_s,so_kib_s,gpu0_mib,gpu1_mib,gpu2_mib
14:24:25,6082,121853,2767,2,0,9,1,2
14:24:35,7241,120695,2751,22,0,13,5,2
14:24:45,7908,120027,2736,2,0,13,5,2
14:24:55,7558,120378,2735,0,0,13,5,2
14:25:05,8778,119158,2735,160,0,13,5,2
14:25:15,11765,116171,2735,8,0,2334,3884,4
14:25:25,34789,93147,2734,0,122,5064,5940,138
14:25:35,63656,64280,2751,1,0,6888,7936,138
14:25:45,74370,53566,2754,2,5909,7944,7936,138
14:25:55,86000,41936,2762,0,307,7944,7936,14634
14:26:06,109650,18285,2770,1,0,7944,7936,14700
14:26:23,106569,21366,7301,22,307,7944,7936,14700
14:26:34,105257,22679,8449,24,307,7944,7936,14700
14:26:44,104793,23142,8458,61,85608,7944,7936,14700
14:26:56,104679,23256,8503,336,164858,7944,7936,14700
14:27:06,103726,24210,8465,122,38050,7944,7936,14700
14:27:16,103610,24326,8468,11180,6656,8054,8046,14700
14:27:26,104012,23924,8390,82,3278,8166,8158,14700
14:27:36,104593,23343,8391,113,1434,8376,8382,14700
14:27:46,104814,23122,8398,28,4608,8586,8592,14700
14:27:56,104945,22990,8416,25,1946,8796,8802,14700
14:28:07,105040,22895,8417,10,1013,9006,9012,14700
14:28:17,105085,22850,8415,758,0,9242,9234,14700
14:28:27,105652,22283,8398,27,0,7808,7800,14700
14:28:37,105651,22284,8398,14,0,7808,7800,14700
14:28:47,105547,22388,8398,14,0,7808,7800,14700
14:28:57,105463,22472,8397,690,0,8284,8150,14700
14:29:07,106031,21904,8371,5,0,12998,12608,14700
14:29:17,107125,20811,8368,35820,218,18686,17430,14700
14:29:27,106858,21078,8299,4448,0,18048,18040,14700
14:29:37,107580,20355,8163,262,0,18048,18040,14700
14:29:47,107684,20251,8158,21,0,18050,18042,14700
14:29:58,107782,20153,8157,1546,0,18050,18042,14700
14:30:08,107847,20088,8156,1744,0,18924,18916,14700
14:30:18,109192,18743,7755,854,0,22520,22512,14700
14:30:28,104928,23007,7749,181,0,22522,22514,14730
14:30:38,105249,22687,7731,80433,0,22526,22520,14740
14:30:48,106795,21141,7729,14830,0,22526,22520,14740
14:30:58,106805,21131,7729,6815,0,22532,22524,14740
14:31:08,107567,20368,7727,130,0,22570,22562,14740
14:31:18,107296,20640,7725,11,0,22570,22562,14740
14:31:28,107197,20738,7725,70,0,22570,22562,14740
14:31:38,107165,20771,7724,10,0,22570,22562,14740
14:31:48,107153,20783,7724,6,0,22570,22562,14740
14:31:58,107287,20648,7724,3,0,23610,23602,14782
14:32:08,107167,20768,7722,0,0,23610,23602,14782
14:32:18,107159,20776,7720,2,0,23610,23602,14782
14:32:28,107245,20690,7720,8,0,23610,23602,14782
14:32:38,107237,20699,7720,6,0,23610,23602,14782
14:32:48,107252,20683,7720,6,0,23610,23602,14782
14:32:58,107299,20637,7720,19,0,23610,23602,14782
14:33:09,107252,20684,7708,2,0,23610,23602,14782
14:33:19,107215,20720,7707,10,0,23610,23602,14782
14:33:29,107225,20710,7707,6,0,23610,23602,14782
14:33:39,107264,20671,7704,40,0,23610,23602,14782
14:33:49,107263,20672,7704,3,0,23610,23602,14782
